id,name,email,gender,status,created_at,updated_at
1,Dr. Dhanesh Chaturvedi,dr_chaturvedi_dhanesh@kessler-satterfield.biz,Female,Active,2021-07-06T03:50:03.609+05:30,2021-07-06T03:50:03.609+05:30
3,Ms. Dhara Jain,ms_dhara_jain@hahn.com,Female,Inactive,2021-07-06T03:50:03.673+05:30,2021-07-06T03:50:03.673+05:30
4,Adhrit Nayar,adhrit_nayar@stiedemann-haley.net,Female,Active,2021-07-06T03:50:03.702+05:30,2021-07-06T03:50:03.702+05:30
5,Bankimchandra Deshpande,bankimchandra_deshpande@gislason.co,Male,Inactive,2021-07-06T03:50:03.720+05:30,2021-07-06T03:50:03.720+05:30
6,Brahma Verma DC,verma_dc_brahma@purdy-rohan.name,Female,Inactive,2021-07-06T03:50:03.752+05:30,2021-07-06T03:50:03.752+05:30
7,Vrinda Adiga,vrinda_adiga@corwin-collier.org,Female,Inactive,2021-07-06T03:50:03.764+05:30,2021-07-06T03:50:03.764+05:30
8,Mr. Chatur Kaniyar,chatur_mr_kaniyar@skiles.name,Female,Inactive,2021-07-06T03:50:03.778+05:30,2021-07-06T03:50:03.778+05:30
9,Kanaka Varrier,varrier_kanaka@prosacco-reynolds.io,Female,Inactive,2021-07-06T03:50:03.782+05:30,2021-07-06T03:50:03.782+05:30
10,Devagya Pilla,pilla_devagya@lang.biz,Female,Inactive,2021-07-06T03:50:03.817+05:30,2021-07-06T03:50:03.817+05:30
11,Agrata Bhat,agrata_bhat@hermiston-mitchell.co,Male,Inactive,2021-07-06T03:50:03.822+05:30,2021-07-06T03:50:03.822+05:30
12,Kamlesh Gandhi,kamlesh_gandhi@schaefer.io,Female,Inactive,2021-07-06T03:50:03.854+05:30,2021-07-06T03:50:03.854+05:30
13,Ekalavya Patel,patel_ekalavya@glover.biz,Male,Inactive,2021-07-06T03:50:03.871+05:30,2021-07-06T03:50:03.871+05:30
14,Adityanandan Mahajan,adityanandan_mahajan@durgan.co,Male,Inactive,2021-07-06T03:50:03.883+05:30,2021-07-06T03:50:03.883+05:30
15,Chandrakin Panicker,panicker_chandrakin@stark-boyer.co,Male,Active,2021-07-06T03:50:03.887+05:30,2021-07-06T03:50:03.887+05:30
16,Hiranmaya Butt,hiranmaya_butt@carter-osinski.org,Male,Active,2021-07-06T03:50:03.890+05:30,2021-07-06T03:50:03.890+05:30
17,Trilok Shah,shah_trilok@kilback-thompson.biz,Female,Active,2021-07-06T03:50:03.902+05:30,2021-07-06T03:50:03.902+05:30
18,Gayatri Acharya,acharya_gayatri@kirlin.co,Male,Inactive,2021-07-06T03:50:03.924+05:30,2021-07-06T03:50:03.924+05:30
19,Balachandra Arora V,v_balachandra_arora@fahey-strosin.com,Female,Inactive,2021-07-06T03:50:03.941+05:30,2021-07-06T03:50:03.941+05:30
20,Kirti Bandopadhyay,bandopadhyay_kirti@rath-dach.net,Male,Inactive,2021-07-06T03:50:03.951+05:30,2021-07-06T03:50:03.951+05:30
21,Bela Johar,bela_johar@wiegand.info,Male,Active,2021-07-06T03:50:03.955+05:30,2021-07-06T03:50:03.955+05:30
